Actual,Predicted
40,43.17846752476241
90,259.0298477953753
50,46.77130054815355
50,116.14050980229037
70,33.072652963024936
120,193.14277328191255
120,90.34061257455508
70,175.98687483943868
50,84.98994231725672
70,146.21254699387086
110,166.95857516748447
70,113.85955598141989
100,152.87613997176874
110,118.13598639355804
120,123.41464195098794
50,43.169108934148056
50,60.45359454232655
50,54.574444573313066
30,52.73588148171858
140,163.05168063664846
60,61.62979966465503
60,91.05399800845427
20,80.73920751361416
40,69.1007472146124
340,189.7327129222241
70,110.95335069912436
100,151.5752490508386
60,102.96964414696706
60,59.714696847454995
130,135.82409527845942
60,181.1230002932292
50,76.36538991700176
50,107.45205052323915
80,103.34324301132145
40,89.28815054930246
350,38.5217582600217
100,177.4733703496877
140,209.44593242087524
50,67.79764993619219
70,83.36836152088279
50,57.70561213048684
120,110.20782141855351
60,64.14625468345305
50,83.10323067451148
50,71.56353304625907
60,48.47433347613726
20,51.17719047346481
70,131.3278500928938
40,82.07378035956543
60,102.05859224184195
60,74.2995131313196
330,109.86722307624422
70,132.15676376131097
50,76.62977181772337
30,96.18457957356264
270,257.1974686016149
50,38.85186408878117
240,169.28530843107117
50,46.38594371355057
40,65.86327015307168
20,87.31222255966064
40,53.30811051486306
60,51.193845160905106
20,73.49475676480542
60,146.48563351174965
60,96.96544480212226
40,119.12987197204905
100,94.75949113193309
40,94.49000704215506
60,186.8346181891535
90,105.89405383757833
50,70.4140773831381
70,76.1521846716994
50,72.60679468982016
70,69.80730779203859
60,162.72493883349503
390,129.04493865213124
60,69.99725088097696
90,83.08559686011671
80,75.89088523302584
40,45.85317118681815
150,121.76129277649203
60,57.38141065382253
40,62.81497638384374
50,101.63245692314182
120,164.9147623221554
60,38.09801153317434
170,119.65661344172547
120,143.16477163061273
120,80.90794084392999
50,97.78684542543274
100,147.1763289871103
30,92.78780868365205
110,87.1423507165677
90,125.88372236326896
60,54.37722377169475
50,121.26188711981709
40,51.539450831632465
40,85.813310143762
110,135.69853117159295
90,76.56217681517585
60,116.76536264397214
440,172.0746358433753
80,39.58193898957669
60,122.92248720372466
100,140.0135886995418
60,58.04561712989526
60,46.56297858238476
130,258.056548869558
60,54.83361644078468
60,145.71684312598245
70,137.9247277423891
90,86.36251858809374
90,96.21524793129798
50,44.58226320268593
110,71.93020250550674
50,70.68285443903923
280,170.33131825146685
40,83.00561668522947
300,175.2078787419985
40,91.01274153683833
50,75.97524076977905
80,118.88188667937457
40,55.730876142727986
40,78.68570895174994
100,124.59045447329714
70,60.004941277550586
70,75.01888805884008
50,45.77545894778692
80,121.00363328890803
50,69.8533969324834
40,133.3104716017525
80,88.66116753657397
50,45.96525429797782
70,104.99387856975068
120,128.93976538596797
70,117.07128375378423
40,100.59556822120376
90,109.97436236031999
390,189.37168360076473
60,90.43838936128007
100,122.13423658457404
130,137.2495682516377
50,60.611813522277636
70,138.11552218796837
70,104.73978960759715
40,72.89599464403216
80,87.34679588149703
110,115.803917943762
80,75.94330253537369
90,132.80602296389745
250,92.41598001573993
100,119.79909139034339
70,113.17910207355831
70,84.68053406827016
120,103.16436103823702
40,79.57171976787902
60,49.374520571227066
110,93.41904343001222
110,71.70320208793876
50,89.97991721658343
80,97.4916576525667
50,95.53417298946387
40,61.40067956700678
90,129.61460729751713
40,120.25436649968618
100,66.3101450409502
100,144.1475484983527
80,100.52756783480001
330,179.59302340758694
50,48.34930144619604
40,44.62635227937504
50,13.651307061739363
40,59.642464270410244
60,87.45307747155569
50,36.99442320017694
50,119.38313484389995
130,79.129636034797
40,52.0403888394647
40,66.86345033138804
390,79.07648632178923
120,74.11829055457895
50,26.02795761988459
50,69.62655676484182
50,57.2628561760356
110,272.0733802295239
50,83.98550713922073
50,69.45399018588455
90,81.69600004281625
40,53.86835095054248
210,157.79609339233906
50,117.90213027286438
300,211.5109824590768
40,94.16290034983587
80,126.08654180621299
120,119.60401994444581
110,178.15364970215467
100,75.34908373450796
50,92.37733320130475
50,50.66126768691909
60,83.41946155683593
50,113.17846006037584
60,55.33643577305313
180,148.62989151217374
50,86.40813611694828
100,169.34510689831566
30,142.7347748926203
90,87.28742749396592
280,122.58294484523368
130,110.78194494474636
80,143.5225490321727
50,134.6802903936869
20,96.71745648917926
50,52.93329405020106
40,108.69237418531279
50,69.23151487053632
140,136.79122385346548
240,215.69021918631822
50,55.86142644994561
90,159.97377396636537
320,187.41644150166894
400,78.1922347727155
230,238.18302050010325
90,61.082158016580905
80,137.88665041436695
40,90.77886872002404
40,92.3956904743264
70,53.51097953179239
60,123.33863352389862
40,70.55958668051554
40,57.04538065672069
210,108.12206751829794
60,118.59496603757533
60,102.33055796304681
180,125.84966318898097
120,94.73998706837843
40,60.636819471007335
120,211.26894381128454
80,97.48422352048667
70,55.48904115952489
120,112.08111240448511
50,68.14617321056598
50,111.85000943384482
20,50.94266384794366
100,100.91558134464877
40,68.7525482223246
60,90.21671061197303
50,71.68097213273785
30,76.69470577927613
70,174.40447091645143
70,116.77211464949308
440,108.88006083255304
60,90.66463147604627
50,83.77784614204252
90,175.0554501148875
60,62.97769137499982
50,66.05469761168364
40,71.4076174060475
90,70.42155796992586
50,58.326381621601556
180,74.56807024991667
90,104.21824633434112
90,134.11301011278576
60,61.15322843579069
130,108.02799093882105
370,428.6413035002006
50,86.23297904257738
50,70.05000501387337
100,213.2734463816618
50,73.29436162307994
70,203.4153172604423
50,114.52618609329187
70,102.96713884487595
80,93.49580841017597
60,102.9094518018813
90,96.93009849065777
60,62.297610216437384
90,123.70373763881145
50,109.19298218008761
30,79.36808552710363
110,75.4244236795738
60,57.86380583271748
60,165.3468259466668
60,36.11159623933403
50,90.43530672850366
90,202.7844781288434
50,86.00201174720803
80,71.21060799386179
80,79.72301492149435
80,96.48900701683158
230,157.39162966084893
50,51.541704649313075
110,79.68405487646595
60,99.23790807200382
310,127.76698225927798
140,67.6040378542845
300,228.2177506878391
70,149.8264932644828
50,38.815118327306784
140,144.81816215906704
40,69.29332146453046
50,39.39126886106453
50,98.609988144318
50,81.53070589649123
50,75.18208527119941
60,82.85264128453638
50,103.14632929592669
50,54.034716406343954
80,81.24933871227229
50,37.80161975326648
50,38.132021469000165
50,42.47067020617876
40,97.06348751258896
100,91.35394109669063
80,120.90047926766168
400,144.50843660594865
50,76.99777135812808
70,140.88632468649348
110,112.05265799236304
280,18.57250443645565
50,53.68664101921283
60,66.27529412578298
80,94.32189336963924
70,99.41273948799987
100,96.57488747650719
60,21.744561491329286
90,133.89860948383753
50,73.6558499840283
60,157.06539181043482
110,158.75454503161225
50,85.61294235028947
90,145.32442928615703
60,130.9497695980309
60,97.85222980295593
60,176.3826940330449
50,123.28181365277632
40,94.46987080659544
90,84.34978213522922
60,105.88255023628743
420,205.91819443104455
40,72.22102248408781
90,163.50239064233054
70,111.47691612546144
50,77.10445199466653
100,116.51931000735733
220,155.47884623166328
110,153.94760871636467
110,135.17300989237
30,78.07954518492116
140,142.58464657391548
470,160.821937132081
50,56.300244387219536
620,172.7192169607977
40,110.20445205082225
120,158.85359503646995
30,71.96691363853107
30,86.80329270813716
90,116.04823547138217
350,127.43444750914345
150,99.69305386764313
30,54.38485678510756
50,39.627282856183776
50,59.16012409721762
70,175.95194298981073
50,106.14970353119874
60,75.36776775511265
110,60.590809663469244
70,107.66400689513335
90,106.48400603129852
30,55.646189619971544
40,41.07685100933077
50,100.55624720634364
80,114.81254361910968
80,96.58345183178844
40,83.08714881202178
100,156.61402963894227
40,72.17439200797722
70,105.48560915305913
50,74.78102140053636
40,67.47715370126762
70,132.4737663461261
290,152.4726099992698
250,189.93026170024947
390,120.8440670412743
30,93.90653201350312
70,81.85092453420455
60,101.3075438051715
120,195.40432127685074
50,50.84018094871689
60,64.29272097799043
60,72.41664151736
60,81.38194722968598
70,127.15337088475276
230,166.1329048226222
160,85.74215976831982
90,162.43693429699803
90,80.76281544463681
50,133.19848537821076
330,36.44041155937776
80,90.09516924404872
400,150.593392691378
60,78.6378135215964
100,74.07712546522743
80,98.77231097636658
40,67.75824449686684
70,101.86591243062358
90,131.71087758470338
80,66.38447840899357
70,60.679156003370714
120,125.4802562004038
80,77.35720737557878
70,66.88394644311691
70,64.69384240940772
430,127.33732791098748
50,36.65344142525173
60,101.58702246607467
60,95.95243224191042
20,55.75569859825912
50,79.17104674546735
90,90.50406404572033
90,107.45202160599663
80,131.9135291224517
50,66.47165795938531
180,66.34706078580149
50,49.62359578091724
50,80.12891315390956
50,144.9091755177345
650,69.64253812424022
90,88.45151704929036
90,131.00095808365276
20,75.57143325366087
50,61.65851101244756
80,89.59810430997439
30,64.09193324333015
60,67.32412932932169
210,42.69027291365036
60,55.4959068076756
30,98.79668203128828
60,129.48504150005934
70,66.5633886791526
100,207.18233483334453
110,118.17002116638604
100,136.0985902143729
140,112.51219980545456
130,92.43498031839935
270,152.41508778082786
50,60.13154115055689
190,89.32218857391494
60,100.95222197080616
40,36.11032403422858
110,110.39274696440586
60,92.48559737439845
70,67.81696774353412
560,131.68186209546784
40,159.62759671744743
60,104.05453385314817
100,59.7755665030061
110,101.73861612828674
70,155.65774035264812
50,124.1419982560581
90,114.81491169893661
50,54.902427913793176
40,68.12825289515112
60,40.241325714189465
90,122.30018889435549
50,81.59275693196656
100,171.57302258265332
90,86.79423085617117
60,84.69192672875427
80,101.3152495652744
60,101.34169858952967
40,106.305292743229
60,91.30213194038436
60,131.89713915747717
30,64.45447514260755
40,70.26344358763052
60,114.54697824455344
60,58.903653715988355
110,143.58036109522973
50,67.44800473255577
20,88.66799035748843
60,77.4834789557315
70,74.69404024842007
60,49.72228367545093
80,105.88447405488569
50,55.448849235439475
20,69.8719900999109
70,67.68607370727597
60,80.79487726919055
120,100.99140000160374
140,201.46993672987244
40,133.3521954277651
80,91.88991427237632
100,134.14027615763501
20,65.00848341057942
50,118.24880608233231
50,168.48644513068814
40,82.38008264614044
110,80.89571936409592
50,41.61464818833561
40,62.459522112326965
50,57.231549870382295
90,121.03173124604918
60,54.04515348258469
60,5.8009751135729815
240,107.9106484121975
120,77.635392523512
70,92.70076435024185
50,41.50845625905105
110,44.426487410108095
70,127.72722452351105
40,72.97910566945399
40,52.31300085259218
90,118.86679005320437
50,68.94232693744914
30,21.46770181172293
40,82.36580667868967
50,73.51942023895765
50,65.24361997372691
90,97.31120385189108
60,54.69733899126487
400,117.34036346374891
70,66.48320803151671
90,121.29941617721133
30,88.34524267689463
50,75.97668031369136
70,82.9245819967671
70,78.9679137273437
410,86.72057719051688
110,108.1454758516106
30,90.38369201149762
80,61.307081735302276
140,125.01857729829257
120,51.13475292843651
40,103.9275377934015
140,263.9046968818029
70,138.8972174830532
70,49.275042665422504
420,175.8643458775027
120,111.1370990837892
270,224.68873035488386
90,116.52819877511094
40,46.750494051840676
50,90.50553461384283
100,153.88373321166458
60,62.01446232669386
90,86.76457283704116
40,66.6099150679473
50,100.50354746745549
60,105.13622649594451
110,99.69949668532102
50,62.27926005894802
50,55.10443594938404
50,62.427304963218525
50,73.25482851069371
30,57.67758368862256
30,88.55234234289208
50,139.2560212655922
20,84.97669403052413
40,90.57544123769654
50,94.0602633319748
260,181.16787252396017
50,142.9321114681496
190,119.39238780292598
50,130.99494616500226
50,95.30835945658349
50,80.51566346436005
50,59.97003989851168
80,83.02346083945557
90,123.43365817742006
50,47.19577408516459
60,101.67444863085531
70,52.2724905026124
260,161.3283429493367
50,54.94898940987578
260,73.36155264967257
270,65.17858286838396
50,63.26247853886349
60,50.656411092710485
50,61.71449759756928
20,55.65788480154979
120,96.8630093623782
50,112.95553343989341
40,69.48986093991702
70,93.4797211949834
120,68.48593891770334
50,147.35005217385617
110,107.88422597929669
60,78.78317847193301
70,112.94129700150465
60,52.138250423002894
50,60.17565043343027
120,115.54276452725614
130,159.02873142937253
70,77.8876533322669
250,80.59942533380409
20,49.16128672066283
50,62.824617461010135
40,102.56018673506316
370,67.06837249360525
50,69.75754239542107
50,196.85724834479942
90,78.70350988512423
30,39.155406299670176
50,25.808943333643242
240,114.91179258993868
240,127.20547520885297
130,108.51372367483962
150,110.14298774025299
40,52.48147843772574
120,178.21936202043906
270,156.03053471149275
50,44.390441812491375
80,139.18764225495568
50,60.06956320876004
50,104.47613322037702
570,79.35664933828252
100,64.48854391060333
60,108.55673070384356
60,89.62715153234777
50,63.92264483520219
60,87.885925604674
60,41.362965090248025
390,139.1745392366165
490,146.20860051637158
290,63.862718818472985
60,124.57898313604551
440,130.31750001758738
40,69.77333530380332
190,190.23821545434535
110,223.7905668556916
120,85.37783863692205
360,107.02052510574316
60,90.4872402011295
50,90.771197816966
110,127.12964102680098
80,151.24644972752006
70,98.23523322490833
140,160.11247945165746
50,140.24351248863127
40,58.73336333332454
70,89.80099659396633
40,79.42387578759937
80,147.61312113676706
50,50.639806556943526
20,191.29953660856776
50,78.09142893295024
50,131.5250080239378
120,104.18037213400471
50,63.26365119366652
40,79.78923537148249
70,129.84213459624425
50,82.30877550976729
50,79.85122778301158
60,117.0086993524893
70,115.4552111029676
70,124.23402501885988
50,58.691961882461456
270,209.74375496231497
90,130.34929575739022
170,69.72947380970422
100,107.98135356062579
50,89.58733830317797
30,89.52873711279845
60,56.96214998799842
120,211.1926948003957
40,51.8043944273539
40,83.7599402323093
60,46.21798685601132
60,92.55196271816932
260,118.3720030963672
60,140.50847859562197
60,64.29607321676696
30,59.20892866815363
130,192.68626852727533
40,129.26169168459214
20,81.20721274708725
70,86.5630637459258
500,79.4460868882521
130,125.9974019228721
60,44.544652391846256
50,53.953325072668775
110,152.0558239049496
80,92.52716407139042
130,174.48494505407893
110,164.25304127104354
50,71.5093881842929
60,104.4668101433323
90,99.43226942834028
50,80.67734201126606
40,53.26803758973312
40,91.11637931052583
40,81.17697405738943
50,60.43064537320867
70,104.91069392298576
70,86.52098311259124
590,347.32263016250903
50,47.77142445182854
70,104.3768137569216
40,74.17463650454596
160,101.69676426496768
60,89.47256886359237
180,116.40398684770105
50,150.2539466371128
70,114.1624384928708
50,104.8390001411404
70,55.39964213588731
50,38.69009027134308
70,118.33226792842919
120,164.9436280035543
120,63.04186491561767
220,143.89845464706121
420,175.45133056252357
110,76.77018439351617
60,154.28681654436093
60,70.52062960686425
40,115.54662300257324
50,59.266301124125114
30,74.36332508695726
50,81.9519182306162
140,201.75075639857704
40,72.88254120714
30,82.75923081491932
80,111.40060217594177
50,49.24021523125471
110,69.27366261333802
100,102.32091671878818
120,45.69690724536033
80,82.00897673081039
40,80.00664632616314
30,96.81087788579875
50,102.01963556104982
60,49.09125364426147
100,164.1551596599416
50,144.30781565416817
80,100.51777654802582
80,111.24590135755624
190,97.39781750543868
70,98.58986708703586
80,114.67355219468382
70,123.35924424883179
60,118.02036963287723
230,112.3570448863659
60,57.32874493072972
740,195.21973485739483
50,62.153623196958655
80,92.7212735801887
40,107.3499213741571
50,103.72611190757125
90,146.90745404978531
120,129.34323919735243
40,102.7809619658891
90,66.30700943551986
40,70.346610585441
50,84.47527260817202
50,46.77857077868536
30,84.15281965871105
70,77.08232117652662
40,71.71045057189413
40,73.56564224725005
50,80.78514266040648
50,60.35537979805169
60,65.06570554320277
50,48.91943737067044
130,109.86314811152612
60,73.45308342743152
50,82.92361212957846
60,49.36956754782878
50,137.49277292069047
120,106.57100991977354
50,81.46776044836295
30,100.7873301676155
60,81.26543090126056
60,124.84325740715308
270,201.19749999513553
50,73.64894370583923
50,49.861478954092405
190,183.68573235726242
100,130.59893016777607
50,64.88055955676927
60,47.84664925723352
40,88.00493069959357
40,85.20156877007702
90,144.6285961988146
110,136.24094104774437
110,187.9605455121055
100,108.86302150904112
50,71.73741378046452
80,103.95621951057237
100,98.07815909988105
130,70.7154008659437
70,90.04484254417171
30,107.21737555588949
30,46.88211257407639
20,85.13840754733272
50,76.69469887870875
50,80.85172751966928
40,71.55236730836532
70,119.24351789335869
410,139.4627092929823
60,65.78750630293291
50,-4.450568482763501
50,33.91647034131659
50,76.24978100804981
160,135.26534237374645
50,111.97316227918328
430,94.06348700177318
50,96.57999935483663
100,146.743736363874
60,77.76165142244075
50,46.14222287538922
200,143.09601074898177
50,80.77297826998586
70,88.9895555419541
100,93.88073454876783
50,110.93030561411312
110,117.80236613580976
50,59.05258641860362
50,71.38497338323141
100,102.7125004590748
40,60.18514288690515
50,61.73810042191167
230,170.3959773612951
110,85.42806915028567
90,109.64234925519203
120,61.217105536278396
50,90.73005452104731
50,161.44895309860937
80,64.08689146839461
50,88.22573714606384
60,96.20570111377455
60,86.90845243898701
60,56.59640235188202
40,100.01782163323843
90,235.1318049943745
50,91.95732697189142
90,82.25638605199757
40,74.17042095506113
190,193.72609434304445
100,162.34045006011547
90,50.827718688959564
70,111.95675170320872
40,45.11816576637959
40,83.23690299650666
50,113.6925310143714
40,55.36622738630426
70,100.06833997806604
50,68.35229756595305
60,48.93263114965071
280,177.50771081113626
50,103.65217647185199
140,188.90768511352155
60,3.515924655483314
50,52.5690369119041
80,96.67437916848854
50,114.5126056136409
40,58.36707176441925
120,57.704501190559284
40,58.998880509401225
30,64.08620713325749
40,86.3148778545436
50,97.72340213421569
310,147.88118353767746
60,98.62773006968469
50,63.32587482122868
80,78.36083426001751
80,125.4211824168661
60,98.86368355079071
370,160.5903588065567
90,137.5486478759858
30,78.01738515461547
120,104.15925015997975
50,87.68592899668755
60,48.796707099368575
50,45.51242786004346
50,110.20474217764145
120,171.6879809652167
50,134.6842413747888
110,108.40846578152639
120,110.30893144365784
100,189.10482868564213
20,98.25810497194844
70,98.32526035010359
60,115.74753308944778
20,75.42751683503386
50,50.07026134053237
310,59.4276199957171
70,149.79194850291168
50,132.68297038184707
70,56.19226871039041
50,46.099842272268226
50,59.94423979289211
120,158.2785043098195
70,116.22115884312193
100,120.10190840761935
40,99.39312336198965
50,96.4209825972823
50,42.06280285232778
40,76.9339248236361
40,101.71802615109787
40,35.45043892494661
90,140.88048153446647
70,185.16428454896416
60,86.70679594361417
70,156.97873085122765
60,77.4221373339453
50,75.07133365286256
60,105.18560138881308
40,91.42624193430416
60,85.2802842637055
160,91.59100197651402
50,56.29481922656636
310,182.42921146005068
50,64.75207946969617
80,187.23915930003366
150,192.32809254349533
750,165.61300263614828
50,77.72330177122487
40,62.200707216793
390,74.29219024244858
60,92.06740050160444
160,140.02952265526304
100,94.95449828983041
60,28.460107078538833
50,99.33155218299055
50,40.02347697900561
50,56.82457758476892
110,188.01091184595307
50,60.63640450648574
110,83.6342773826236
40,97.07199237442006
50,79.07220271060507
50,85.17305791077118
40,57.1235491918585
40,64.99748678808629
60,76.28514635032806
50,94.90663449383854
50,117.99591800624731
50,91.63100429606423
50,49.28913456638188
40,134.91035147145288
70,76.51994193973451
70,74.4492155812442
60,60.89248943246037
40,89.87758221260918
60,126.181680833434
70,113.36350357533235
130,105.1515689329717
90,68.00668398420756
20,85.880100398407
60,189.35657571989375
80,78.3596847781257
70,84.58716074812531
90,244.16502031858482
80,102.69631490173634
40,43.07134288578855
70,31.594113250803296
50,56.03153808256406
110,109.21061370952856
50,6.405740731787358
30,52.49148618568869
60,90.81890654104761
200,111.73772259692274
80,59.36829464849263
90,169.75229539934585
30,77.35650496176618
110,90.48232635988462
90,98.98186770139712
50,39.9261641182269
70,134.961111443142
270,229.07218231110684
70,80.98735381677616
20,65.32760496814683
230,80.51448639624627
60,123.49965814631315
50,93.46971585940719
80,102.43162490678687
70,119.32488192962103
80,47.23268400477879
50,84.48030985664481
270,204.77937150718896
70,110.35004446594711
50,74.49332438808807
60,116.3004232905253
60,99.16600327884261
50,56.78952979108272
60,49.64634984042878
60,82.93375613442242
70,112.26143031524073
60,99.33756318151735
50,103.28233607401944
20,73.17988205862959
100,79.7518509184467
690,180.56513424879975
120,115.22190763707927
130,79.57944565811457
50,100.55061762436155
50,75.10403970294087
300,226.40021221850657
100,91.84517857875912
100,200.9977992880067
260,209.25909898147478
70,135.28015507420804
70,144.7083581970827
60,71.44568739799627
50,54.81960222494648
60,40.99926784844724
110,95.31636745393554
70,127.77959092121164
120,111.41568957020908
50,88.84822286677428
210,147.87359142601062
130,75.74460350053812
50,34.992043782024744
80,193.55482282629765
50,132.8912027777887
120,106.51634834976535
50,70.13323472018894
70,75.33901219841619
60,72.86335887177171
50,54.15261075047418
140,102.55237245878921
50,86.03790897548902
90,75.70709847768204
20,51.77907069621914
60,146.71331769301355
560,89.33731961605599
50,87.2526256714612
50,102.46912793082444
60,78.79518715573363
40,97.62602416917099
60,51.66257628782592
50,112.92521817805893
40,92.87818377238379
60,58.569324546439
50,80.75225862353895
70,95.06934291313877
60,105.55877914473572
120,132.8144303025922
330,145.9777776240855
60,100.79968197273773
40,64.51337194424724
60,63.5193229456948
210,125.28402948131054
60,90.13126836462929
120,94.52990576985357
60,70.65316766009097
110,108.33760915418205
300,189.4896346070262
20,86.87621920549644
50,100.44864431051006
60,57.27921474075466
110,176.8454287253432
120,234.64107415934726
50,168.21978660262943
90,205.4655574968446
50,61.9035858595323
50,59.87148485556054
60,119.36805581916242
30,54.622294815712536
70,96.5412001964387
120,123.48232883163608
120,94.46153337772468
280,219.26886869258857
80,74.65926711302303
60,69.73845426738305
50,20.637500560706
170,109.3897777082738
140,119.26788268101016
30,53.33779267017536
70,69.1579098197988
50,100.43992178563316
340,146.5776622153627
60,49.038120060084395
190,174.64688748192563
70,92.6720254431014
150,130.64837549453995
60,51.98227679569652
60,63.62396604605269
110,121.05966721011671
70,78.88623473310005
50,71.25955054643458
100,100.51095097588681
210,119.35814546644228
100,69.79688439112218
60,77.43780930902626
30,64.18469439579363
60,70.00392330739784
90,83.19187594530382
80,151.649004779752
50,29.76376621509941
60,86.58861281241063
50,145.43510950346908
20,96.14030480722569
100,84.7531492592003
100,154.4523448894077
20,74.05721902016413
60,113.24217836898094
50,79.9481471300387
370,55.345171919903215
110,120.10569090367376
50,135.8859729460425
90,53.343493845672526
40,87.86188111060972
430,146.94807550432415
60,52.68359392102612
50,104.14395144582629
60,82.32829956694019
60,59.31942593808201
40,139.4359364917255
60,68.56253613237985
50,143.99639018461988
50,80.4343232216487
20,91.86019491172081
50,56.13112357200673
90,104.68452219816635
60,90.14998310203828
90,100.76693195552814
40,100.28764185449327
50,167.58783502123157
80,116.4337264189705
50,79.29261272173656
40,47.72141715593379
70,129.48660938167427
50,64.44274391958626
50,107.83001858638355
50,107.22223618210641
70,111.11505455492409
60,26.11088675450958
50,70.29658828266761
50,89.3177964942389
60,113.31415958712317
100,82.12231483559862
50,68.25370311699879
60,59.85512288313111
50,121.42439114461061
50,91.59891305535251
50,92.56903439221306
110,65.42470199542812
50,63.07669585425541
100,176.80148274417073
90,161.77293949028774
100,83.05719116180993
50,50.63669790187039
50,71.61123170277139
50,83.7722121935704
360,150.01364684297448
50,62.42583426426582
50,72.34408110203648
290,181.48117472184163
90,134.19580021782852
50,65.91220033192775
50,66.87049890443231
50,110.71065195647306
80,118.76956241750014
90,190.81785082980994
60,121.19503793685723
50,72.0702806372056
60,42.71746772932242
140,104.15800019836138
280,230.75488313308014
50,103.50691174596048
70,67.72673235350965
240,134.9104152428177
60,54.263283773238484
20,92.24435723869051
20,38.13884340201593
60,66.69266860165061
80,125.91090939280363
100,92.06822231349777
50,49.154541175517096
130,142.76756591301006
50,131.09451073394823
580,192.68761815376388
20,67.59550228616746
90,123.68779727146081
100,159.50545262967103
90,102.96041815826683
50,34.02774169024462
50,84.33701610340167
40,71.6655956088841
50,98.84819550802658
600,195.27463035101465
50,45.90814319404259
30,76.67875147916709
30,69.4453364000515
50,81.36383003370884
170,78.10338651157036
220,212.31542717107135
60,63.14898528356307
110,168.92240937491147
80,85.64725272764372
50,74.6643772306791
60,91.33490419942393
60,47.64524386855952
50,61.26255609313201
580,140.28492446389322
380,163.4905609559656
60,45.32450833060367
70,105.85530699587964
70,67.84025298861246
20,94.16808909238802
590,240.30867543654978
60,131.02991424522253
70,127.25478303791598
60,115.03652503136642
30,136.05808450849156
40,88.17378062089878
50,40.93528189298273
350,143.41380341085377
110,93.66263559620451
50,84.89186052145939
230,118.36897732517244
300,186.50675708676542
50,60.94791971224316
100,122.74235618505304
100,104.0379799215593
40,120.60427564019942
60,72.49932134504039
90,89.31954809540294
210,79.43081722117313
140,194.88570578822694
120,176.20747267942002
60,64.95915842792647
70,107.37109389113404
50,71.73088678362913
50,74.84025974255096
50,58.40858054809701
230,143.25815988964143
60,128.64033695025412
80,95.25856861402707
130,98.39279182831494
70,94.32666405685265
50,73.35473547225013
100,107.69132208960163
370,158.2046538524418
240,126.72823088531878
50,97.52514170258738
90,110.1294992779865
80,53.23027466222368
40,72.24764286052914
30,65.31154790824326
50,49.74939417010998
70,132.4626213740661
50,144.8095628280136
80,104.20308749009563
80,80.63695975936434
30,142.33028443228773
30,40.523929162740735
50,91.13500261616672
50,108.26585978388349
60,53.2651940150468
100,157.77819106146532
100,152.00869767232618
70,85.95279661414628
440,143.14128803202527
50,80.8149040533867
30,59.18284858653927
50,68.70494644028756
150,182.1391606295334
80,130.7924088018552
320,145.97540947361327
60,122.13160210060339
70,68.24820518974403
50,72.30721432651833
300,153.48353276889668
80,191.31385139988416
50,108.79385010398666
30,57.33685219742672
80,113.47017166370907
70,114.01360237697858
90,69.73907193063278
110,171.9982255474382
200,140.75587075277292
80,89.6023902929896
50,69.62649140458798
110,109.42397904592559
60,73.69490283167917
50,68.5441912564051
40,60.70406600970823
70,70.15165590366327
40,88.24539709832
70,167.9027988172448
20,79.0395034329726
470,120.74086809202761
60,103.70737894971765
40,51.97702223092203
50,60.840590870195584
40,68.73544491350097
50,52.18193082005784
20,85.35936307281472
100,75.98598581516032
20,77.81543560068391
90,117.60141087993922
50,47.623574791118465
60,76.34468043533545
50,52.096441523194095
50,78.6749201411058
100,157.43268922767447
80,45.48665323582301
40,99.49770580638815
50,94.95594030430405
110,150.28106429164978
140,81.78876617726561
50,75.01630036828153
40,94.7171975771876
120,91.91928244236026
80,146.14143137439928
100,93.53817230878288
60,46.337392908271354
50,133.57750500916848
40,78.22435399229161
60,119.60350289176941
70,105.95433038410471
50,80.21328478630944
50,151.10437441142847
110,158.53823079513108
40,84.65407535867206
70,122.99906512571019
560,174.49877791218128
100,110.22980890901535
180,128.8513101825262
60,67.35368419482927
680,112.23713953211733
120,193.9259783503715
280,152.04103241484614
70,59.83815946234767
30,62.306559449436804
20,79.8006055622615
50,77.4016851593709
80,87.16169009766523
60,71.13610725285753
270,199.64305027519652
120,78.64986345534831
590,182.697800996934
100,132.44343066571028
120,198.5528905667893
70,150.65593394660914
450,279.600587110511
70,90.39334505291977
20,86.73381491146125
60,109.34522928880634
110,152.12449504475305
220,135.8357065537873
60,49.27979695295934
120,227.8413570448877
110,143.32275614532682
50,48.70892034721553
60,27.5919807284387
100,141.65835093304244
40,58.239069781560914
70,226.9729280727565
90,141.56097913036825
140,99.95355047552171
160,94.0705144245396
40,51.133226489387994
70,61.17551816060492
30,99.29177180585506
50,48.769245989527434
50,71.05342033583678
40,79.23093891714392
30,77.89776617570132
30,103.16416004137405
40,79.92723251058216
40,75.1711109017371
50,53.495486226373544
50,57.652897255455436
180,143.0689236323538
50,80.84211870415544
50,51.383738394830964
50,53.141322794322136
100,171.77624644965974
360,144.24701318613506
110,118.0497468300744
70,128.27670873470586
130,200.59455556591888
70,112.19460105619687
60,116.99535070730549
40,83.44458207718876
40,70.145857580278
40,93.9120493108503
20,88.30633676986565
80,80.3290488278069
80,87.40894478817044
70,68.66145091120138
50,62.22591673478325
60,95.9910253594367
310,159.14046262933567
100,160.12579733354517
80,84.03751715035509
30,74.19934747206158
280,231.60011307193653
100,89.86000662010949
40,99.37222975184187
130,99.84469861465655
50,53.9647781478554
100,84.70216654393627
80,62.7567497011065
90,93.51989650992684
90,90.29156848391332
50,53.10875332039041
60,71.39352431715287
90,64.36044606876769
50,80.39841438911435
60,100.08924815724768
60,46.114662426139034
90,130.93250139812596
60,161.1494380223838
40,93.21626079492333
110,119.27292445942045
420,125.34496829146303
50,82.2355494040272
110,114.88674399542116
230,200.44639421573427
100,109.68649247680115
40,63.570293008166615
410,127.92933253380932
50,48.95392045190964
60,117.5155800112902
120,207.3411055522029
110,108.6133834835116
20,74.0620846433653
40,105.7826807522927
90,90.85172712919478
100,149.9874944443664
60,81.12035558684482
40,95.16837851321685
40,95.42521814156436
80,112.84097434457995
50,34.35081904323577
100,124.23724349494105
50,123.86054775680398
50,65.34730767554811
30,82.69583705600024
70,148.18019977833546
30,103.3378557670676
60,29.730189645269544
60,93.23477345256562
50,100.91751752286899
340,71.58948722960898
80,170.55277800084417
70,117.87828502145025
100,93.04031128020502
50,28.258210111840818
130,172.8045632104921
100,136.7806580626995
50,59.00976619946664
70,7.786315119551579
90,133.47667884432147
50,54.568317757763445
30,58.745121478130166
60,74.35291034891799
50,74.91171620943058
140,160.04572147165985
90,173.3123919676105
130,199.5529027625984
40,75.40934034600856
110,108.76928566341978
390,152.8925477910181
50,71.06924522592207
50,53.052236761771425
50,111.9815654024641
70,79.34923887947235
80,78.40492743960013
50,71.06716632357114
310,128.171081119327
30,20.63213051772847
470,151.65748651737866
50,41.0496464284237
260,69.42462444511361
50,49.26109390928224
30,92.91050126324222
50,67.30382470298409
80,115.43211393925611
50,124.8917587285972
70,133.3905183000655
80,101.26326137807898
60,100.01013253357077
90,85.07116111553194
100,123.9677648987125
70,176.03222993870472
40,122.69211142864013
90,56.57027496166897
80,165.34193515767473
50,54.77459233088383
40,81.9501880760179
50,50.685513550315505
60,98.48239360752287
70,145.99247314790733
50,50.58943264839246
70,29.60171427730078
50,44.242781711188655
40,79.94483875293898
80,76.2896690886674
20,56.41647918429509
120,98.75590246385697
40,54.370807029861
100,152.4316752166571
40,47.39037989290682
240,117.89532117487845
70,169.3670725142701
80,123.43366756300358
110,98.74853692162621
60,114.25014249979625
90,99.48633643473701
130,143.22921744869413
60,125.97648732381067
50,69.66339876311596
80,123.24138047608581
80,130.6196807264992
100,196.07073765848577
50,76.7007728503478
60,108.33465971963417
40,95.57090840757499
690,128.50466016010552
120,132.81356954576296
70,112.3207528371152
30,2.599707019585054
50,105.69118999681363
40,71.72676656420794
70,63.88364787798349
50,86.04774186565362
70,188.51402461670307
50,50.03552887579124
40,74.70283205967647
60,146.60069771129906
70,75.55226244784254
50,62.06250228038011
90,165.0740165914886
260,148.2957778900882
50,64.77529267870023
80,118.42389529599413
20,70.81122061768988
50,83.00269385029989
40,62.64597432954126
30,58.3896473396551
60,59.82433608091802
50,81.51991722173872
100,82.8343490312588
90,161.46014976524648
70,82.37211023616874
40,60.534113940448236
130,94.44097252316682
50,107.35373315976283
60,108.96143722089835
60,130.29309556831606
170,159.59415424277523
50,150.4605736518773
60,74.25942669814586
50,56.985687330436384
60,57.54523376691573
50,72.59346534335299
50,67.21245409640787
110,76.16107311106192
100,124.94294097858521
40,99.79825954887735
40,105.44698034030459
60,135.95558194526944
60,68.36393801811639
60,171.00250264377152
60,110.99635912181827
90,125.48635322314234
40,94.02090081409675
80,69.05867713780727
380,56.029086516235985
50,134.20563527604662
110,118.42165869324549
60,42.973801625633605
70,116.4632662629852
30,89.20571975979514
80,109.27012800778967
60,71.49537874160876
60,148.02534534594625
250,222.32183898624186
50,81.60007572424736
50,54.214100475662875
80,77.483802066325
60,89.21963676579644
50,98.87504272541916
60,70.62148895544365
70,86.54049518490686
100,163.80231279135378
60,89.97504624214544
50,40.022715418076466
60,57.82833311505486
70,81.3961668136688
60,147.48616144918628
40,71.63357515533477
60,112.03215617935201
60,86.02361248683397
60,141.65955339649324
80,60.02982439799852
40,33.89471744577493
50,68.87532147447726
60,70.4073324977611
50,86.82049521784144
40,50.440366735223215
50,53.06533561647974
30,82.8607625198454
60,131.7727042222611
130,127.0237623955206
50,67.2911197158654
80,138.92393574132564
60,50.28733266781656
110,62.63535845077791
60,65.7461943388853
70,121.25155019890437
250,204.68799565512145
100,84.04295581661384
70,159.48270084326427
40,72.69532538071742
70,103.49002472246485
40,83.52263104280881
70,31.213600810631547
50,84.9475061515569
70,160.96139490005098
120,137.4348654581857
40,121.39890415780775
50,84.82031088754124
40,109.52952165255513
350,127.93162993423456
110,176.02191405709328
110,135.35504648893794
40,102.50368044350456
230,134.12065484381986
30,109.13016031605702
40,50.68705049220391
80,73.83798761889418
60,72.98405238679452
40,57.86396555436501
50,117.10428055641636
50,55.03953533663373
50,84.72199617478307
50,41.801272972655916
50,74.66434293682883
50,95.46596985500084
40,56.9270788437451
60,81.73146246040258
60,50.129773295064204
90,88.65984197208796
60,76.88913709236903
90,98.0067746061511
100,233.8199481748764
70,67.21067232045338
30,60.855272587789514
50,151.00248775788427
60,51.378493004292665
170,122.43204136930767
430,199.65136547689795
90,108.23350533453531
30,61.944302848100754
330,62.4629512001537
50,97.5855853398746
40,81.03212981207753
290,151.74981512394146
50,80.8989328836361
40,56.673283362149746
40,58.89461646185964
50,71.94178515186442
60,44.901035598012044
100,72.45150585963977
50,77.01766872389284
30,46.93763754363718
50,69.01285005442534
80,97.62224073852055
60,84.93791339724477
60,57.20667957168406
70,142.02821293369826
100,91.84571745511802
50,58.01595535934201
100,91.19273984280089
430,87.56759564482168
70,218.85569810472515
340,117.8944158088454
50,84.38396868099801
80,170.11535105760663
50,34.10084272941737
60,64.65321713888996
90,76.56802626153006
50,85.56726882114825
80,88.66161158322082
70,100.60695814175156
90,68.75560809529848
60,96.96104258832787
40,113.87017059485498
110,158.92199965838648
50,60.91929430579125
100,107.92485171275743
50,80.688745516013
60,175.27371193169301
90,34.29476230014822
50,107.24892577981579
40,76.18224092585582
60,74.42564071989628
60,73.32130637692046
50,44.93102407085825
60,94.84300794890278
30,48.88338231782248
50,103.08508738149322
80,77.33855169676767
140,125.1801139970964
50,103.29060191823312
120,145.8940957179342
110,203.50629577519254
100,112.03653593976817
50,59.345894062679456
80,127.65311577956808
80,83.89222911864022
50,64.4299655769727
50,88.86958722205186
190,153.88973817344444
60,117.51168660889262
100,97.65882724436018
110,102.39238962151529
50,84.88622734671335
50,73.61655494654858
50,131.59260820385904
50,49.9507819450504
40,94.71950651530284
60,67.02520929788997
60,78.3825801697123
60,81.17827836340646
370,136.34752663508496
40,78.25028403693432
70,77.88020423198884
20,169.41621622670263
80,99.36270320273258
90,104.7723062391542
60,76.24807360103392
50,88.95073633277413
90,82.82492970592564
50,88.86772936252356
120,90.73133173738962
770,133.75024277983513
270,142.72841818465787
110,87.96168374146394
50,22.00482593969248
60,64.98222240128035
60,35.900492409104416
60,77.1108620170032
100,142.00240005582748
60,66.14698137224036
60,89.79839769336805
50,34.77165923298649
60,123.69224759400772
40,96.22343778334243
60,128.6526522472446
540,129.90962255168324
50,91.28174467716049
50,23.126612744293137
260,213.26325406902058
40,81.04919992444961
120,126.96675453243894
60,67.50509848425858
50,31.83322636870679
80,76.28977815731066
70,65.50170794732871
40,99.02009582785276
60,91.04210171777437
90,82.42483292815739
100,146.0896831587297
60,126.58872886902067
210,70.90855636702159
100,73.34636227693565
80,75.63708778281722
70,131.59998506444964
40,63.393760119905224
230,141.68834993935764
30,95.3725931018043
50,87.70036717510081
60,95.05525968547349
40,95.15839084228472
60,74.01193331051735
60,106.85671373697343
70,103.42572381863617
300,197.01199271362688
50,45.70236219586734
110,57.40590601024773
90,126.4108066745995
40,36.76810705904456
60,168.75467975250655
130,157.13001550955178
50,107.63970008896344
50,110.29121826504921
80,136.58711763023902
80,106.18870862527874
120,107.80082477241156
40,74.41753458419824
90,87.44606546669688
80,76.74320448871677
60,104.79632104107795
60,43.70308192807164
40,54.489449376164295
420,104.07656974739436
70,92.11391598757211
60,107.51105719553175
50,51.84054222135103
250,72.24139101402173
60,145.4349439232106
30,85.70804415025059
60,106.52860433587608
60,54.450456660928836
80,128.31975568623008
50,53.50920104396698
50,79.0160919769045
30,94.26071422956082
40,92.88029069048467
50,87.10580189896842
20,87.21734216900117
270,122.50220599793168
60,61.136530570987134
90,175.01429016876955
90,110.70716494517443
50,80.55385495921819
30,37.37068603476211
60,110.50053560840945
70,116.43335639817856
130,119.77069562023603
60,72.32694582337294
50,98.6928037550237
60,85.0905335811392
70,114.50376792715407
120,95.90058467348145
30,56.62092309419233
100,77.24492253538781
40,63.457791917632605
80,172.15745834291755
50,56.662385300306774
60,80.5104928162194
50,65.82052459647781
30,37.4375659146617
70,99.2214406279751
90,146.3605891693974
50,102.15007602540132
50,79.25725973350256
720,128.4066617250847
50,76.4686251431612
80,124.24069150885906
50,44.651738511757735
50,60.995782908335094
80,108.13252944271568
60,89.49131463971068
50,47.34521780494649
160,138.9989863733564
60,145.89432264201986
40,81.34963646036528
60,84.7723898871906
90,91.42026661006916
50,109.89809283441441
60,59.061582315668744
60,83.32824021768272
60,163.3353547537437
90,87.85071099216475
60,94.92228204131025
70,69.16644786014982
50,86.65154188979557
190,112.73414386653789
110,98.05547029909617
60,77.23295863750218
70,147.99064391885247
80,111.21017135814472
50,34.54169240901342
70,132.46023731537463
440,193.5999348722285
100,107.40955609151585
50,127.05856047251318
50,55.05287137494727
110,158.53212861665068
80,118.26504214979411
110,81.82444968590592
50,43.93451744849715
60,54.92832055148917
50,52.507186554196394
50,63.62352265292904
70,68.03435585127525
40,103.64298113519305
60,94.97542485538557
80,68.59462398200074
40,59.55249642567718
60,101.30053289463535
80,115.49881094315158
60,108.84328375193849
50,140.09922832724598
50,42.51312804036385
50,59.78861811737839
60,105.93620712270497
60,98.40387044289626
100,96.36112683443599
30,56.869960594813335
20,70.82754542557217
50,55.691762594876856
70,106.3624711394394
100,128.50543434203172
50,63.72825507036942
100,149.95029191854098
320,54.793730494871895
130,257.9299271454076
50,84.93357580652633
50,84.0868204704161
60,78.00872442018635
150,139.2042882015835
70,107.78626630852551
90,198.17308804899713
80,104.03817010691061
80,138.9253165420023
130,74.89935425042358
40,41.51359016020951
70,72.91474158158087
50,47.39655439839055
40,103.00973937821496
140,113.35471133953357
50,56.08155740667771
610,133.81954381351846
50,77.7502535958713
50,52.273263771513044
50,114.9942288305042
100,98.32094655547756
100,271.0019417657395
60,105.54509429230731
50,85.89288113898249
230,91.5342324365
50,91.58641440943389
90,139.0549833729583
50,64.53267917870238
70,86.88156651413891
40,47.07576428136356
50,66.16896499055318
50,54.58338367094503
130,113.68780365987828
140,136.82649105961593
50,99.83984221451742
20,22.489870628112207
140,127.34501825600178
50,71.07193914836279
130,163.2060504760827
60,77.03451246712663
40,46.0853799059553
50,77.6861820297749
190,100.55665805161394
40,40.40149304061478
40,68.12904363831689
70,113.48836556252233
50,83.73116807399788
60,74.81732936247923
50,85.27156346544771
80,73.1029555990257
50,41.232460087880305
50,65.19902240820049
50,126.11820031049169
50,68.86279383628425
130,122.13025814917758
90,140.13759139130184
90,96.87607368380318
40,61.482380888289505
50,39.52734709066261
50,46.515963689496715
50,64.37484693763838
50,39.391673143802265
30,107.42062143623102
40,65.54847413741545
60,134.708125256105
50,52.6093569124547
300,124.12733544510097
50,87.53467663939605
620,107.87428561929565
70,80.13814726089248
60,82.31847500005372
80,143.85347159948506
270,135.66585893722078
120,93.40909555759762
50,50.598122260094826
70,93.47339229480662
50,113.32698993689058
120,119.56850722064856
130,195.77717685355051
50,63.61762211162754
60,119.17765747470541
80,197.5154851687994
70,75.98311600879582
80,146.96562934155793
40,46.61314537221802
50,101.32721524133582
100,124.93559739034825
100,71.74694102250912
70,142.0124074466548
60,109.41531565211758
50,40.207367152423295
40,132.20002708990586
80,98.20727040676869
70,62.48525450595755
50,92.60555228987096
60,90.20520708693827
140,127.3191855256887
40,63.351298873516924
70,73.8737143408568
110,127.23858999275734
50,66.7832275736919
50,67.83162263031359
30,71.25201110658026
80,68.66256139650724
60,77.27265488803413
40,102.29757561109307
30,66.86613400209005
110,129.24695751270792
90,75.91876737986266
280,144.7040508700282
50,25.190377058888757
50,59.39026938599376
90,138.31918280831033
60,105.99709183871342
80,95.47999279628782
100,114.19840116598503
40,71.61106658758956
40,53.41947830892616
80,67.78582707668434
50,102.46911562593516
260,192.53353629256839
220,227.34126524167527
90,91.99879688276008
60,66.20027120781828
60,71.25248163266174
70,195.7866070400677
70,112.20322195076882
60,135.21815352891014
100,197.83771461049946
80,115.24563764552019
70,45.74404890837897
60,121.46355403510755
60,96.88554596463986
50,31.848088464487773
50,78.7109365947044
270,166.05748689704873
40,62.932801318749895
60,105.64543009071669
180,140.5795157417187
40,67.60185650442997
300,122.59933221560061
50,73.33486829940638
60,85.6171150053012
70,93.06241559905864
70,104.00811465356196
60,152.99933543576427
50,28.92894825393764
50,53.23427457499835
60,76.87276630324614
270,130.12278143623547
60,49.955146429124625
540,58.655283548909445
90,150.54792328810532
50,59.71382761439702
60,54.85469999335102
60,62.347534836705385
70,89.89398329848571
50,53.007608313965115
40,86.97414911318958
50,50.8671033542517
140,122.47884363275408
60,95.97842122646172
590,173.31706613638087
80,45.73471005047344
60,50.40782657819301
50,116.70570702944252
60,84.24546931428856
190,186.1243167427485
30,58.32330216562377
60,60.941025810839896
60,58.894265543232194
390,148.12328168844869
50,20.391059269001772
60,70.51694193432039
40,78.49319164230121
110,132.05724191263067
60,120.69349784340214
50,100.15679367585973
50,59.889832322161915
320,112.45042247171796
40,67.70132741984077
40,69.77230503875654
90,140.4164137534479
120,140.19305576421374
80,131.81375630942907
70,76.25781739305735
80,137.19866152873732
40,113.92821978419295
100,295.2573379901563
460,76.3488473068372
20,62.03331205611772
40,67.2693290038739
50,61.45637392000713
140,161.7708275811766
50,45.88130229227532
60,63.00829342298248
140,162.4802522854414
120,128.137359256784
70,150.80207262967014
430,89.75678529786087
70,134.75329051861712
140,87.54101731331845
430,133.54313594830717
90,107.07808784331944
40,119.3890435294065
50,74.85780641183243
50,45.42902796573678
70,84.66363967715851
120,79.12238724199179
50,79.44482759755132
290,102.7341334729771
40,78.49740317521639
50,177.51864631158162
80,127.82228388219488
70,103.06531237109411
60,66.95927255721995
70,69.20293520319339
80,132.88193295066236
80,110.32287400537466
90,153.483749131157
40,87.46410109473929
50,74.25468350843141
50,68.13662709527921
120,107.33771161287358
90,110.81495964795104
50,47.01354598691462
100,102.25496024614372
110,150.49774514008618
50,96.28596690387378
60,53.39267163983476
80,83.81857510986518
210,123.20269890297585
310,124.33485844249259
60,69.87067659992547
50,23.70673583055623
50,56.93537978934229
30,77.84936470082374
50,168.15840686876916
200,117.48396081648323
50,91.66674073377793
70,41.10479211207119
20,91.06469279367312
120,105.28222295886717
110,180.78317627079284
370,171.14779850266606
80,115.31392230222404
50,70.341496510199
20,55.81319491746261
360,79.36937110496987
50,82.35085062830447
60,79.86560773892978
50,55.06443639485918
100,66.82644772105785
60,55.69048984856374
50,57.796576472095126
120,177.00833263177745
40,104.6504738891482
50,119.16837851417968
70,63.579482625313354
80,112.36607890271559
80,51.68178536184054
40,58.31169458174748
40,65.49047207523637
100,285.5461263670134
280,96.60080641690787
60,91.64734153356233
110,123.99950899188923
70,35.94100999766721
90,97.53817814959095
390,132.172017490884
90,78.33927220595521
40,47.72681879742203
50,124.11840835543127
80,139.25811729597052
180,214.41211130537985
50,57.791319618562056
50,99.53634982687257
50,68.83629877580478
100,80.13301659503004
260,166.11711871339028
120,155.07818219680377
310,153.06295873650907
240,112.73490639090333
50,72.92107200324355
50,98.43060024234381
100,50.268995454875494
40,105.39002071577741
60,95.31746888980315
60,98.86569063945055
80,69.95023268463254
70,162.24596183346853
360,145.96149868747096
60,47.77017837577414
50,63.38416659585188
60,89.85125962197338
60,74.67014605408647
120,119.43365886560413
220,119.93609370526598
70,72.3012862953156
50,56.15704494394752
30,47.87133719420917
100,128.80393372763572
50,58.89032654461381
370,116.93684372583338
40,80.57194055927093
50,48.93634240510194
40,110.98233511784052
50,73.47585195181185
30,78.41807722752517
70,94.95026699336589
40,62.09351950026048
60,118.23474890839029
50,35.66263397037062
50,86.9239242629568
90,143.65031603066654
20,86.21903675846923
430,113.78297254018005
50,139.493451564514
40,84.89688126842385
280,196.43757192514582
70,81.10665407643074
100,93.93280882697393
40,11.99925971043032
230,116.46619021840165
70,112.50249819812838
60,97.4250938184176
60,130.43471071230783
60,133.0140702762164
50,62.773018094065726
40,81.77155752448589
60,85.11160711472112
50,55.61911933365119
50,91.22661696829587
80,53.9369500363877
90,126.84603508787691
30,102.02040913093164
40,52.66085151459888
110,87.80923199193826
70,115.72267235721638
40,105.03437687507174
120,160.39931270384062
40,24.5327496928822
80,103.96367811239334
70,216.76059460735644
190,137.8664746509719
120,63.16007705495707
30,79.69634811583498
70,142.40290515524993
350,88.18550636093839
50,48.79053286223376
40,77.25509421421347
20,89.05364578052314
30,73.86749783152658
40,93.17527916473722
140,103.89371506265319
360,103.69294051404847
290,132.5122713977969
100,165.31564401895474
60,58.37735589416234
110,179.0845742428859
40,134.1889780762187
50,46.48070372178646
70,74.18144856852513
70,115.56210810682256
100,88.63620813073439
320,167.3388862016178
90,70.0249260199352
320,193.05964939506845
40,46.2401706252048
280,174.7682866522219
40,108.4846965879884
50,67.9864537749021
20,83.14933467127415
50,47.91508981109407
50,73.1037176526116
150,159.0650815486203
50,57.90590976199894
20,77.61717627914612
50,96.22358498604824
50,144.12018195892068
50,47.1734956449194
70,87.79161564213784
50,86.17132945998313
240,203.61348373432702
60,141.5715116337566
50,87.78109997206796
50,59.54867313734631
40,51.06953667974892
40,95.40551314741397
70,109.91466576733055
120,127.78764665674395
60,44.057491050842415
80,32.47941073612131
50,68.46824743342117
50,20.28573989170588
440,99.86558264164508
50,52.5701780896459
60,119.81640901597557
120,95.12117614655173
300,162.0527230239673
350,136.9690357037744
40,71.08167844747854
60,53.03926671498824
210,123.90304196103467
270,173.2277371552707
70,83.40944969659799
50,152.6613149651056
60,80.22993298363957
250,106.07897714718999
50,68.65915009724455
70,147.8715492050469
50,88.53028565138057
80,61.33553747959122
30,45.73438931376825
30,75.5535855278381
100,133.10466164433416
80,20.192524930453995
130,51.474084232102264
150,171.46891849347796
140,129.67094737640036
60,78.40730026353626
120,98.7719725588525
60,89.30181163941342
50,115.3806958782097
60,145.41840022303182
50,92.64966831326707
170,131.03696580516194
80,103.6500977883126
130,116.90631974245214
110,147.18412631529927
80,149.20282058651281
50,96.38148860792595
40,49.57482527461582
70,126.83379328296583
50,92.84219737869206
80,162.1137645523277
260,216.46494750246669
630,134.38641541842176
50,102.90555216212255
80,149.9669275037677
20,52.61089822662306
50,52.97955441032705
70,86.47636031245062
50,91.46339565509945
30,99.22446978448873
50,72.97096190084551
30,62.92518445448312
50,109.48062323633441
60,143.2219782383069
100,126.38552326582648
100,80.26721350336851
50,85.01915455481532
70,66.77259228737921
310,181.3056571738889
500,159.29050203274224
50,84.79707144980503
60,81.46881965316585
60,102.21004472453028
70,141.95880620065623
70,122.87950700018882
50,50.78450147386047
40,60.165153082500765
30,102.70453848066626
60,102.42959589436613
110,106.53216837285066
50,71.90519084042668
50,60.48259528708836
60,107.92445298665712
70,130.33932085405687
100,103.7053602310035
240,207.39372061843144
50,61.853142770981044
50,91.39811720161264
60,82.86611949242389
50,43.29214220844459
80,109.05241808196688
340,155.55806385818113
80,107.49171275099646
60,70.88350187963553
40,91.37858697383928
90,56.44599184677748
50,57.275359328650865
30,72.96587821953473
80,123.50605076507644
50,61.83327883131584
30,69.9087532339666
50,54.79387334639547
50,94.76796067503675
50,39.61756962582801
40,108.5759555688145
50,54.36450116097765
90,104.8623967470148
70,68.54764570584491
90,126.65522736778605
100,166.12275387602148
50,64.47690028680756
70,87.29087107867113
50,71.25613864563584
30,97.86556379020426
100,103.11446613505859
70,112.90245073107596
100,149.3757214827811
80,67.86609778953013
60,59.57689981283823
600,156.45038612225267
70,148.20540855139149
50,104.77902648451371
50,79.6252531914541
80,95.81895784056009
50,59.43460918120564
60,54.33943000097239
90,120.78373255655569
30,115.39980342416244
290,178.37466703618398
60,108.64896908890235
560,93.3492238945585
80,87.26083253610857
60,86.13858427154497
60,88.06523161340812
40,78.25451939230298
30,90.62897332642456
60,69.98705341314249
50,90.39971871226473
40,96.36678173861588
130,131.9781574924832
70,128.39745687137312
110,183.58890489152733
260,210.42843157609562
50,85.99655009168663
60,97.20328697849386
70,189.08873189702513
70,106.5651498090021
50,87.25457515171115
50,103.12000800072167
110,116.8178831102515
80,111.07637896182838
30,73.58552462727627
40,169.62467856106252
50,97.94872699845841
480,74.98829921292617
40,97.40913850149276
60,72.97751072835845
240,187.26481646088828
130,93.92436482146772
80,74.17635573259122
40,106.48403306398241
150,152.10972877618306
60,104.28298386200521
110,118.15349351609821
60,66.50280670000922
50,81.26172825186006
70,120.23936967598168
60,88.00444570048985
400,152.78482811295254
60,88.24014002613568
50,109.36651146399309
70,40.135843194673114
70,65.35064910016446
60,106.07795803187136
130,87.34361293295596
60,104.55391001358578
50,85.49821449704376
230,157.72720577140362
30,73.27155345069494
40,72.95193263225227
30,53.29252812673073
120,88.62576641223215
50,99.02443834618309
80,116.31904188648556
90,176.86194306241646
80,128.1286957856736
60,52.78012851990308
100,217.56480079685934
310,189.1764120049678
50,86.04554698041684
50,59.37895858427197
40,79.66447929121983
50,49.82244242747841
120,115.27537324920404
140,126.07731095545793
60,68.12873447116897
50,116.97382191105216
70,113.83265920117829
40,56.82865583434619
40,55.04473737854219
50,97.24656295635558
60,129.8311270583743
30,48.64700045537106
50,65.95896566959674
80,86.69491017197879
60,94.85928253110991
180,94.62505458546747
70,94.2354729669727
410,159.06396572958477
40,68.25329576387378
110,86.19861968356625
80,83.43291620449092
50,100.72743494212537
60,85.22939302578646
100,86.27371899564815
40,57.75290412594893
390,126.47096938819637
100,149.36412760793954
60,98.93152456860867
20,60.69441478146328
390,142.84920020015488
60,56.50694814314158
50,41.97416381283048
60,126.45433188581069
50,107.56820984023419
60,65.97044043842766
50,62.0226509084413
60,74.86234734871667
40,38.64450429602479
40,116.56981642804737
50,61.59165439198377
480,119.78285136373054
50,44.84593114393029
30,71.81505961766155
80,78.02877837990673
100,84.72856366695405
50,36.93346474995794
200,74.03023969025786
40,73.28729586730263
30,140.54592284823656
60,94.76090597455322
90,76.90709541646379
300,145.5227858852283
60,72.25405166821835
130,239.24633763454435
50,64.86441736867326
50,64.82174123993738
60,63.89401863890679
20,89.33590120348573
50,78.064332754336
330,175.76578704231605
60,141.98876976680396
70,125.30508636676564
50,67.01702599662147
70,65.3988598615104
460,156.65723860822928
80,102.05952884810388
370,95.33508787924676
120,156.06538688667882
350,101.50159111256046
370,77.4766321185554
60,12.321299856361783
100,103.92128758045008
60,23.869495562778386
60,143.0290052582004
40,57.17579286718141
70,158.1365291586342
280,190.0527300343617
90,111.6728107060818
70,73.30542547792614
50,67.72188797562251
60,59.78100946535387
60,65.21595004819883
150,58.030067604405104
110,46.704846039191274
90,139.45214862487137
260,162.29222418604863
260,181.47686946310859
30,77.75002749342443
50,99.00526248144931
60,34.35375567613923
250,181.06600851903784
90,113.55386934984507
60,42.38775481740673
60,72.76761942563296
110,77.9457685643277
240,125.92356237006099
490,166.0899954643574
60,73.80067784856163
60,81.23785136206976
70,106.09947545187983
50,113.22241467901499
50,85.9479801831188
530,188.73216617395013
50,64.42034648748788
40,59.81546870451932
140,161.80060065417078
30,47.83114586126261
120,116.79835968820117
300,114.78854843255907
70,101.37894759413194
90,204.23709481406289
40,52.18959280486702
60,117.18693207772174
90,83.34435417949555
30,63.995383174081475
110,78.97921775698583
40,65.66214367269026
340,133.9785183972107
190,93.44253315832731
50,96.73195862006783
70,65.03759331580832
60,95.09666334140975
70,69.33131129337428
50,111.27181416216183
70,112.66531540240081
80,112.7279195545049
100,89.0748665609573
130,100.63409134204775
140,154.01173548287136
60,53.47487161149198
50,98.26324387243972
60,88.2460806495861
50,88.98360054900563
110,96.6581691110425
30,86.76005271382894
70,87.83174712323724
60,35.41931996453391
60,105.85862393799387
30,90.41453901026802
140,127.45895925230506
20,84.22142182855136
20,86.99854494703916
60,146.8498247405795
90,107.76546589595424
80,130.44877508289693
410,73.24009696161073
80,84.44659732452297
50,41.8356297403699
140,197.3545205697266
80,128.71832416074506
60,90.20189353902936
50,51.10446337018139
40,106.53559411362727
60,51.236914328692805
50,153.7762625468199
110,102.50289279448452
110,126.81670873797884
100,141.1760501635283
320,163.62573499147143
80,76.32421188981593
100,66.79595804646152
50,93.74826110729259
110,140.32912597415077
50,87.43257944884147
50,97.94260319113546
70,84.76333535172267
610,186.48786199608955
30,71.01732560210114
60,89.9420003950209
340,222.6588788147513
170,108.16714946370757
90,129.97526766548822
50,103.0610714241717
50,54.63553244900717
60,59.38033533172865
20,97.51783241931028
60,93.86318003008793
260,20.29528860645499
330,63.120493735129514
20,62.23837334429547
100,107.37165529056264
60,71.96301906560342
150,130.8755323652601
50,63.06164794416793
60,90.68849353810337
40,72.77742177061386
50,79.29476916156568
40,81.30911193690824
50,49.432977995206706
70,127.47413674569424
670,138.30006117392725
150,129.63783524981056
60,61.61215965321511
60,17.22827131034725
130,201.60491402538503
210,121.43511158985164
30,69.10943877579649
50,54.7672239969076
70,72.9218354758775
60,134.75098706697133
80,92.85719199539963
120,93.16080434349867
80,84.22870312107014
60,85.7979211276909
50,87.08746795665417
110,136.40102015859293
100,143.98617072713446
60,84.84196409101637
40,44.628723655396186
90,141.3196033597594
80,145.9110592503237
170,68.19148617401396
150,89.42284911697618
70,85.37517650744655
80,44.32306432317618
90,39.7865098103063
100,66.15850658364452
150,261.6234877110212
540,135.03635650184253
380,80.36028026463691
150,182.13408415704822
50,90.00798527485654
50,65.4114807510575
50,77.34763750122355
70,53.39896720909958
40,48.408303380333166
50,62.04551055377974
60,59.7499754887968
430,131.16960017098907
80,127.36435024526882
50,60.644773758945576
50,55.878847469820336
60,48.965603163343175
50,61.014167099297545
60,57.97152563893787
320,97.63916296146296
50,31.494608443473687
60,95.5155392338565
50,53.45330372544566
40,111.75932715444202
70,84.17286697435858
40,76.62068553678851
60,100.69278102227045
80,103.7542393052691
110,113.42861259294202
110,91.22583000697838
50,66.05882568691925
80,48.20038970873709
160,81.45751800486406
240,237.43873026853203
50,50.02678629487794
50,47.139250248101064
60,65.1790552247602
60,79.48673811843732
40,62.62113092357726
210,75.31772459025674
60,124.42765597585628
70,42.805816845242006
220,183.62431009432044
110,168.32416519684517
350,161.33942103077806
50,82.21906735883863
50,53.849507372221304
550,144.11855360444883
140,112.60364753542797
70,86.62529235710353
50,86.79998712031818
70,76.95971390770751
60,65.73256224135366
270,118.48294947889617
40,76.95435159167494
270,158.38082030728344
50,73.12618096570603
150,84.28805106116116
60,53.584880909602774
60,116.29993217709529
60,36.524689081536366
60,107.29400361914048
50,86.98646431567374
50,58.81882288448393
50,59.81068011073069
400,108.59320759802854
260,148.16762897467476
40,70.85295438293339
320,148.8244955770977
70,51.20593980262211
40,62.9848131283918
50,101.69625865642602
90,176.43771375288455
50,67.79774546204851
40,62.535127579107346
60,153.09325793944873
70,140.10282917550407
140,259.7026942822856
60,63.17977154246424
40,79.72122997402937
130,126.15677025148455
40,76.61641868183361
40,57.56669271070644
50,57.269083399031224
100,138.90638565099522
40,66.65113377772315
50,89.08558224543329
60,166.3829990419557
180,176.6857663596626
50,68.23312628142843
50,90.68329911210554
60,82.79505367842987
100,129.62462072259933
590,194.88257392054163
90,120.75185353842754
50,47.861055425562625
50,61.17841155715494
90,116.8397725981206
40,80.0445525992447
40,74.758274567597
50,81.10831229691408
60,85.43931761996765
130,76.56898013820461
40,61.15584143704101
50,61.816317071482736
40,113.2163177643745
130,150.4068251074455
50,92.36592582134627
70,175.59309027777354
30,86.22657403920763
170,135.4829747056009
70,98.76640683955124
60,153.50458450782816
110,134.28838766832575
350,226.68337604671657
80,120.71163944895301
60,84.70556806039767
50,74.17319708241787
50,49.78113669686622
90,157.00931185147766
50,73.83211441290919
50,57.591367275788215
50,32.192546808007464
70,82.14748187161722
50,111.07869434863484
40,55.10678391813731
110,142.21732817342502
70,116.9161328824065
140,130.07990958889835
100,90.00404943519794
200,148.78854612334368
70,116.98953890950644
40,75.48624947744355
80,78.22113788172396
70,100.65270836702217
130,121.93170664111392
450,151.01380250752408
290,217.98044855817162
100,67.87804313168262
110,69.28323659277977
380,48.08544492252449
140,108.95498516891095
50,101.50221972204578
60,38.102304295061806
70,131.10532522678804
70,116.34353864735557
90,118.94258832952717
60,96.09519614652227
90,136.9066338414631
130,100.65539242987536
160,181.24154461762808
40,90.07116277360431
170,111.97251138005086
60,46.384086563325674
50,74.8145885591297
70,55.27630198759982
350,150.29315637779905
550,64.91831373380184
70,83.76165117311758
50,75.55441546565457
80,108.77674662305333
110,146.54744340365966
50,123.89762723322815
60,126.33821464480206
40,40.4826235194366
30,73.73517018272507
50,88.34744300133697
30,78.31648105537096
90,77.27675408185615
70,80.89937563056104
60,65.88041358744164
50,36.22655914186032
320,176.409518734446
190,212.04316618177435
60,86.16121725558793
50,76.8766603632707
120,161.743912246839
290,225.2687790862406
60,51.874498837544635
50,88.75379895241835
90,74.32265715716314
80,95.29035730101417
60,117.09638650270904
60,141.63113039490133
100,147.29090636348127
110,85.03097670472995
60,83.6763024852262
110,130.82651754241485
70,143.63790413635846
110,108.36066668587276
80,124.47274340551884
50,52.02786523557868
110,157.93288578322924
900,215.5014046008172
40,79.81535145516939
60,37.27998704750422
50,72.84052904516972
40,78.60626416734567
20,96.82650016042842
110,99.89452672645778
50,71.34709036747861
190,108.4217645665203
90,83.35250578306331
60,38.390354000658725
100,54.398806697028455
360,155.939187304178
50,93.14156609172313
150,76.23283437703728
120,117.57833678951668
40,73.6271124744005
100,70.50174758994237
100,134.6293693043044
190,87.70224650808085
60,60.610191085615234
50,57.622230145696705
70,106.94507201620972
310,133.14304763079485
70,112.11177440166252
60,8.367270744497239
50,71.12994625794484
50,17.778979369363814
150,80.10925273825015
100,269.3163110001527
90,89.54483435667676
50,69.66416600605316
70,115.16538949383741
110,203.21551582597837
50,102.90123437590351
50,85.68457761009822
60,106.13071263876127
80,161.32765670425428
40,87.9666056402822
40,75.68875593209073
80,95.46816641193335
50,57.322146215283325
60,81.33633803060496
50,58.04909802175633
40,105.10906663325257
50,100.73213168472013
50,48.07708373361345
50,57.75632717730484
100,263.44325860943695
70,154.29013091264585
60,93.76600237999341
40,87.09183880901853
100,167.1307504321337
120,72.06072861060295
40,74.6312989978509
90,93.54473635251907
20,57.25836497976625
60,75.81785093438936
220,117.80272066153569
70,61.18634697037617
50,61.7878320019351
460,106.16079533377813
290,115.78700822826163
110,97.6565752474347
340,202.31152476917157
50,143.95096498646626
80,81.92372921417373
50,74.73506979707327
30,101.57176576465979
60,69.07633092920787
50,84.96840012625054
140,117.01042646263141
410,163.7140999351688
40,58.87088626989128
60,40.43998095061029
50,121.43321981397237
30,71.05070148125556
60,62.82817357935183
60,97.41983006901326
50,116.28692915801106
40,90.0365031330501
30,89.66572808462331
50,92.41537722340236
100,271.07061957091673
30,146.84171777253607
120,103.13885644352801
110,131.5160155638103
60,67.09575146549514
100,80.88173750133122
120,144.11762562056845
60,74.62806979771831
50,57.28152398804694
90,119.17638940371616
40,100.42261010238725
60,35.3838047462727
50,143.73981392891244
80,107.52266353799797
80,141.32829673278775
50,61.72164864320365
200,210.60204635504653
670,134.05055915660105
50,62.3886872258605
40,46.07957612230264
50,89.35226253430177
50,104.42898894284501
120,102.52217219622412
20,40.92707171326131
30,109.92641527755825
60,102.87262086857486
70,81.19381618970296
40,89.94201041288622
60,89.69168787650418
60,52.73099386009873
60,39.37689867228235
50,126.55954846478822
100,158.26747052227736
60,88.41481028333344
50,102.15490098579689
360,184.24088300675956
370,120.96207938911442
80,80.23037290289292
130,58.845455203329976
20,96.82645281501226
70,98.02908305783373
300,175.56579002473111
100,106.36260161628472
60,167.034944631645
40,84.98520492531034
100,186.59440035366418
50,16.261083730001694
100,129.32001493825072
70,33.85558851439116
60,35.50511492965792
460,150.16795189355008
100,92.20853707194202
50,54.09201514328292
230,150.88574795870665
20,48.666076792330074
340,153.18557326817552
120,124.22463968979562
40,108.28429060065602
110,126.17470165938055
70,62.114782504361976
50,87.85848609950311
50,66.47671854950403
60,94.5800032860263
60,62.89173538433258
100,137.7334094661562
110,91.23690522911382
60,109.29587618204185
330,169.27336095161553
50,113.7058475092516
80,109.06992434392527
290,143.34964983414574
50,39.84419383105953
20,43.34623941949244
70,73.95774066622076
50,71.4691821920664
70,62.50948001514153
70,59.20473983607381
50,130.21159034331146
290,161.1142607659827
110,90.48875087352208
100,92.90578857773617
50,29.319875358583136
120,35.00820270862832
70,86.2185065696143
40,149.36011043997524
50,115.91115965761374
50,70.70233808252722
50,63.844578462877415
60,84.32704748261327
40,84.01480088719543
50,45.982766295490656
120,110.58686235935144
220,146.59790461285644
40,64.10958785719234
70,66.70750779738385
30,51.248509696283335
60,110.55855673840409
50,108.44012514419792
40,62.506090297065455
80,148.88855013444532
60,115.45013296989463
110,185.43986646167843
70,145.96041711716973
90,90.5192845960186
50,45.995263697318826
40,143.3638120717116
50,59.87479089669962
90,188.1705089146748
50,68.05482183606331
50,100.02379841121446
710,140.3146612999029
80,207.62238152931297
100,156.03451422854062
40,44.44950827737823
140,299.13994529048904
50,102.83305130990874
50,89.77924039987245
430,143.7387148954232
50,72.35435534848642
40,82.90706979089558
70,103.78286984265733
60,102.49289665286464
90,284.84183730620214
500,130.55919130791716
60,84.1130135276226
70,89.99316333261723
700,99.92155399954397
50,89.85633167910147
30,79.03732416901126
50,60.692940131998554
60,57.855227979763605
70,69.82361317051489
60,56.07222179964354
90,135.49424031483613
50,62.95811330222565
80,93.61628551001276
60,79.46606917352486
110,164.8039309787675
70,80.33679790505494
260,210.50092303791135
60,91.91829383016588
290,171.88460850925404
50,21.63360954572541
90,91.76978918059504
60,112.43920988015694
100,80.26830734626992
140,131.56284381284786
80,112.41792320503951
40,86.99144302671856
70,117.8154080437385
60,97.37751767008119
60,43.6098734250633
50,85.83061923829013
510,85.28315441705132
120,90.5901297541358
60,73.98606226933444
50,85.07757269346826
70,62.080011899803836
120,90.55803992848644
110,103.93770450576132
20,85.59352331275755
50,90.3612415864097
50,96.36523618851933
60,36.56857230329796
40,71.66316853219291
70,60.370107338879784
20,100.83069905083457
30,126.1179163841888
40,73.72124741286376
110,122.69564944238213
100,130.56999400770277
290,190.45818459258615
50,94.6043107271492
110,181.6694268611567
60,77.69538316100346
100,161.655211536994
50,62.739459703398964
300,103.95668659883079
140,127.43000825993074
60,87.86136644712008
50,77.14338928219931
40,94.16028214996813
70,121.34315722622958
30,69.38825977700765
80,63.93987432796552
40,72.87166955863489
60,134.66455812529625
80,78.44747148974106
70,67.10274335786872
130,68.7206539884092
40,61.71633187346909
20,62.541010144760556
60,64.63544719751643
70,85.43357713517668
50,94.29787752590728
290,153.23535280686227
50,64.48125191309327
50,135.58202256167044
50,58.18203518742635
400,86.19750589302049
80,138.609866137001
50,66.50520758168267
60,78.2528449001916
350,163.74373904029758
40,65.11148875366548
230,278.2743650879581
110,78.38995710680582
220,88.03809101161899
20,66.5269466318455
70,58.09913893946911
60,80.57084827057238
50,70.26128503929186
70,57.55136468620241
90,148.95287741288865
120,56.70224062673826
60,138.1911492471819
50,99.73394213626158
50,73.44317425684042
50,42.71046764163384
50,110.46116962556839
40,78.36668270070828
90,120.80118508688035
50,42.75536748586891
40,83.0530774980929
60,55.95292872638628
190,78.09760683327951
60,84.87051437940772
180,103.33105107622788
60,141.68732879685518
60,65.09472094277288
50,105.46224929975762
80,96.46493778378097
130,141.01379747537447
100,114.09996416393291
370,124.40868757243074
40,100.56054516823326
50,65.16719846672811
40,52.77451610130225
70,129.93323008573924
70,110.87060924484966
50,86.4755975398497
60,61.55271804614205
50,48.66695554197701
60,48.23402098945836
50,52.725098804514346
80,67.22855443145482
50,132.56179718202065
20,48.518465356330246
50,120.61084139501868
60,58.63992409644512
50,64.4902456721242
50,69.68459152131217
50,95.12104929152781
70,83.50992867939755
50,53.941627483564794
130,104.76528511578476
800,70.4567046577922
130,77.97093589851481
50,55.54510890775266
70,79.02811156569268
470,227.9013097136164
60,59.41624665189287
450,106.60414006453773
740,114.06570440559979
20,88.36918590171959
50,113.36509350586047
50,101.67854337011636
50,122.42126338034717
80,62.27694906207132
50,95.6694681154751
70,111.39630184556647
110,125.01808272746996
140,128.15919518322295
290,17.211627981666066
60,117.3293508215762
90,244.70726794712192
60,34.265502696240844
70,108.60799204851018
50,87.15575394952373
60,115.95206185502268
210,216.0475787543151
90,123.83623690237611
70,124.1297741725948
40,77.46279202163635
100,202.19565327538191
60,122.04451897323563
50,112.0499521476149
60,78.71449254100202
80,119.81378182154896
60,95.57917637547794
100,83.1052297604946
50,95.87349128891678
80,104.45989227255043
60,80.56826265546965
70,68.24975401224506
240,105.33127251945176
140,107.19080513344434
70,57.78674132644201
20,83.65628785576506
20,68.09875355362652
170,82.51130085487375
60,107.98402650031979
40,45.768183804772704
40,87.34268363146019
40,92.21785119672714
100,85.44593150817367
240,193.68669259331378
80,96.10410759746144
20,66.92418349501268
50,94.8898262798622
120,126.93500311957675
110,127.44279859853722
70,-1.830877166418432
110,114.03096942659747
70,56.53059384254861
70,68.80697070509171
50,53.06319473897901
40,52.817859923218194
90,194.88125457654803
70,108.6141494711127
80,154.7693169011724
60,55.56718559407478
50,92.94978546520144
50,62.47975702424024
40,37.10422954342648
40,75.76581597150921
50,177.79412213894713
100,146.80275597632465
30,49.40975443332293
40,70.67740428198397
90,98.83725589957717
40,96.65679491679897
50,109.1377591134864
120,148.99942682181972
80,76.3010796332665
40,41.119981393313125
130,111.3691767076112
70,57.41283690949707
40,73.78213864493695
70,86.03903018084424
50,53.92671951124751
120,84.32854971553553
310,113.90892132082418
150,176.18866549347268
20,79.57364675888593
70,166.8420784832143
80,101.8199004846209
60,58.431245234305194
40,50.96735946368225
90,125.12949143227864
60,123.78086182863635
40,38.455829606757206
60,100.50794169571465
50,61.53901085602029
80,150.7815293934769
40,89.00543548812799
60,121.73028267605525
60,62.47381031090337
50,65.82604497645329
260,184.37972960083778
80,80.97658097055599
90,125.74692913889585
100,88.97029774793779
60,59.470552738964194
90,67.89120402902154
80,147.43286797055094
220,214.14290930498075
60,69.19089546912667
100,82.7674114706644
60,69.68868955049332
220,122.51005526168984
70,132.31935960664066
110,138.546576116548
100,135.6462923678078
190,144.12654184622076
120,124.49253619168086
60,53.20636014709922
50,63.01100628146293
80,126.70234894235189
30,107.48750839008693
90,121.97394917614669
40,63.19146880033029
130,172.9945962557835
90,108.74752043595751
80,173.13597462125043
820,196.06851454489689
60,70.81823358322242
50,139.55669625701745
60,83.41868365788056
50,97.14353774934276
100,86.9991417546745
60,44.39925539675419
50,59.70780312437967
40,96.5482380276692
50,68.73893978299259
130,116.71047539419669
40,92.15954124839216
60,59.07628800911653
50,102.94444010843692
90,107.84579417912823
190,71.01007208696254
50,94.7569360364195
120,178.3796083219897
120,76.81053759100544
260,81.24467049921626
20,113.09997638644452
50,83.4035753819393
30,47.70412997574271
40,106.45547201368888
90,61.59252196017484
50,50.87361327826256
160,109.10582204576339
70,95.29995351422194
50,52.646133730615944
170,104.96255397447803
70,106.12516364852274
40,59.247861482822316
50,44.64443443533261
90,103.35299846340023
50,76.83287471307318
490,148.86464217364556
260,225.56054915837953
50,114.65992686746
310,280.5334321605517
90,66.3684091667208
80,114.22738139967394
20,57.16683926809843
240,97.23806458472318
110,101.73189806071153
110,167.77265201064014
50,68.3755570899083
60,71.51828753415063
60,98.72840324630567
90,93.47571910133286
50,82.01892351327484
100,81.6909088185715
410,133.56635331344796
50,54.200619023862714
490,157.80027555879937
130,156.92280312621904
50,48.89948290385789
60,54.579504883172795
30,38.394324334126715
50,89.28180215901297
50,103.01735958127863
110,72.55296049738202
30,95.08465507120667
40,90.07976125221778
50,89.6982786511416
50,85.98563554051725
70,70.01946820921921
50,173.90248079164004
90,110.1400206736381
40,111.2961094672694
20,46.69523893541101
50,97.31435587042601
50,81.1512699618367
240,80.16962008324253
40,68.43867846683881
20,100.52903294528122
270,83.69715622328397
60,63.668047561228775
300,93.65410319853123
70,116.44791792445987
50,38.38047985415382
60,59.45202525354432
80,65.18869460233843
50,57.099263377950166
50,114.59242665926729
50,57.68230043950634
50,73.01539261876593
60,85.69130403405396
40,83.05961828013042
60,90.63927203371385
120,153.18174848881657
50,53.25265861819595
440,175.23099405290597
80,60.97225260524665
210,174.92197707163726
60,55.73424661660503
30,116.55277810838068
20,101.29286931292025
100,125.54726947148657
70,96.63610878350475
80,124.94610875585403
40,85.48663228075327
200,90.66766441986572
30,81.18383356704913
40,101.53229161866209
100,128.2717215398908
100,52.450041798893096
90,138.51530290889502
210,438.47646694929165
70,83.66740404555931
50,101.44249144319409
60,60.789816236715694
60,71.3876093733935
680,172.02816064037773
280,185.2900884264887
30,75.19840134632337
40,58.123396608863274
40,74.47625459064295
50,28.607046431652616
80,93.68602565285079
30,57.21194079847505
30,66.76972025939936
80,181.96399819237317
100,291.7133725181957
30,76.57047214209754
40,55.68012001632298
50,68.20083273839407
300,148.3620599478972
90,108.36460132117394
270,178.95251884139967
80,97.02440317165518
370,70.08855725716363
80,90.71272729651074
350,98.00769920722907
50,113.15522810889262
40,54.169724324987655
50,77.64310519751766
120,129.04917746447236
600,188.7284571456967
50,11.397439123014877
60,52.615560635009274
70,77.71546621361388
40,99.65670561454266
60,156.74040643918767
180,106.21651502615003
70,74.78947030917531
70,124.69046915046468
50,77.68118996433073
60,77.25082486027632
60,143.21125027988865
120,137.50636566829843
50,70.74724856070993
60,145.65402618199943
50,62.69110617202285
90,183.04712386158712
130,159.34834302242027
80,63.70238597839014
80,103.74189020645012
60,66.78582430977833
50,97.77148939337425
60,137.3727829827933
50,81.47781056132766
60,108.81629147672577
50,94.2404085866422
90,61.588303878798705
110,246.71494888755151
290,240.8890114809559
40,98.17564763583286
250,75.14405014463483
20,86.2686274709001
620,129.44273250034394
50,106.96752848269479
110,100.74473297767643
60,67.30327711250388
80,169.02779506138188
70,74.16790797620794
130,130.5953511122906
40,87.51819907787467
70,115.90486718640342
50,68.10938060083731
90,77.73858582388755
70,139.42317811648462
90,87.0118058239477
50,37.07998519298724
80,114.87461693478187
60,48.47402724297342
100,83.36599077614187
60,88.44410505379476
410,162.18773000283508
50,77.47746882814147
60,25.441696425625295
30,25.47134788543913
140,181.88907867369136
50,120.8007738119877
200,101.89114747276355
90,68.12726314267866
40,91.6379884539902
80,87.39900768004553
40,51.259519868514495
50,79.61461416895736
40,74.29591340385542
60,94.27903302727255
90,129.54073698398986
120,89.58273534166912
110,99.92823627922002
90,85.86711879205183
250,156.79812506037118
70,137.8347282638381
50,111.92638067285957
50,78.61671375016776
60,67.0567061878067
90,97.23075207313242
60,109.16485995612157
40,48.605485601064416
80,106.21703092565164
100,159.87316120671034
70,77.44733533612711
90,118.19096043450097
130,132.06154844780664
50,110.70035317222926
60,61.583126741666106
40,61.344370391980085
50,74.07776529250228
110,65.25418890766349
60,103.65634082461548
20,86.46588985027455
160,175.0272432156428
60,81.0846902486575
70,60.205502095440345
50,86.86611086806764
30,81.13876475912923
60,105.97586476324996
180,75.42527459390689
40,82.41037241688005
70,97.44316705326118
60,116.93270033894548
140,158.2904555894884
90,150.10992029927755
70,58.39305116228387
60,99.60855056909352
190,111.90529620185129
50,115.51903248703212
80,107.55045537107199
90,114.44209772139963
100,173.79554950214046
40,56.740560275299494
50,91.07092736589122
60,90.98202631962373
70,30.966245496968433
120,113.89492073424799
350,112.7237119811505
40,59.028204219415734
80,126.53928996576698
50,51.28774706366363
70,127.38038431333567
50,52.320618415628886
50,59.49990436792486
150,170.6222516066762
40,85.13707287248178
50,108.4638477492913
50,73.65025824113349
40,73.82141530999101
60,46.39304642261859
100,116.08732299100163
50,101.04003762069921
340,70.39869387363416
30,117.90694056445642
90,155.83009379624323
210,232.09749388363468
50,39.65258113860191
310,174.06841719656222
80,118.5380657978449
160,114.55261896436771
60,57.44657820673035
70,116.14243996003913
80,130.13305114279578
80,100.0024294162929
180,103.47309389305696
100,154.5348259277543
90,140.9078848458733
100,176.87282002746832
100,136.64806454593736
70,151.72719700571437
90,75.20158778056471
70,111.98453171435087
60,60.429917641599026
140,78.81184507601475
100,177.1981149098535
130,147.2193277207222
40,139.68840622670527
70,94.69552829338407
60,61.01380374733353
60,40.85314725190479
130,73.78539857711692
190,211.77619780374243
60,115.51440964931545
100,201.79220876321102
60,78.24898032505754
40,96.59729831195239
50,86.4913783757737
30,106.87287208885107
40,75.3705974994777
80,78.86903461538947
100,82.96820107063716
330,214.94892290284113
60,94.03857459766716
50,59.1657804984815
40,66.92193034584417
100,130.61142310251802
60,90.5207133312211
90,182.434183750341
80,54.23961134045988
50,22.724024286341834
100,109.09314471086091
60,80.49663072798165
60,93.88959125073424
150,140.2674887519701
60,63.347489512629835
50,90.13079855142993
60,60.08819134598035
60,67.12177690209745
380,43.58761275204862
30,80.12961858364358
80,94.52422949594563
70,94.25784198376441
100,170.19134067104605
130,107.31467221350329
50,132.24629056598576
30,109.66398589914695
50,117.38708989836438
10,81.95466154938043
100,109.15481896265948
40,98.13745713043195
50,120.57633747563423
50,85.23275396787854
50,50.5339615123157
50,74.68465290841975
60,118.14895261929607
130,167.90586935789585
110,348.66598757808487
310,140.01116055666273
50,49.938735198327805
30,73.23608932840992
80,54.087221881067876
50,88.27097745821708
50,105.13706509431913
90,92.60975446493993
30,66.27466454711723
60,46.881927402635895
60,121.64440933579493
40,121.89663366734754
50,96.1563665546358
30,79.6947017179146
20,57.59587519098498
40,82.69339916274939
40,95.60302157350846
50,55.50264586630373
120,142.98291691648313
40,118.2320719685401
60,159.30667182788864
720,163.4081523547999
330,131.00960126233005
40,89.05328634452793
80,168.7385641824002
60,77.28228791092268
220,228.79999752275268
60,71.45065921444531
110,183.76832069606706
60,63.12646141919759
700,225.74896276288825
140,170.9843969493838
50,123.48169495350447
110,104.51537768354612
50,107.99464974530066
70,92.30607706662892
150,151.79512364004057
50,106.54467412900418
110,136.4489499426846
40,44.6269732954075
40,65.6399515041793
110,166.47660424404793
60,95.4490805285234
60,107.28428014632716
100,159.8276383712209
100,123.89391909904295
70,198.69466847146307
50,0.6139401635655446
50,43.180358170039554
50,31.775805155154636
410,284.7799003364292
60,41.32102619323066
80,129.67185975898144
60,69.26202084746336
100,84.38455285243847
700,77.57627132442173
60,90.20104779068886
60,97.8592038133029
60,83.95718323085298
150,142.15483513060454
30,95.8961846223158
60,104.92166601765543
110,146.84349036910885
60,70.08300985917484
60,67.87281138968456
70,58.723124485876816
60,71.38226459004782
40,109.15692258247316
100,183.41085480293765
40,57.80238032018363
70,64.08544316918281
40,122.98663295875207
70,66.97420232258375
90,105.31459932957827
60,63.706235146095516
70,101.1151974331667
70,88.11843161494943
60,88.8961045921054
70,79.41899903897784
50,60.96944374091735
250,164.13329132062518
60,83.51981915427268
40,74.92829066620496
50,84.05309466493699
100,130.4072509265813
90,122.64171138471418
50,119.12405923708667
60,84.56230023771471
40,97.08588045463212
100,129.77432102684872
50,74.18146075993731
60,35.35915617050611
60,81.47523566490874
70,138.90978941749108
60,99.33619627212597
40,46.80857923202598
100,140.28026220085792
40,80.2162198372167
60,67.63552416338487
120,106.14069900967948
620,151.85021646077294
60,111.04965526742134
40,113.57341241446724
80,79.42074847274316
50,63.30737940875067
50,62.48562498085793
60,54.65607620627839
60,91.04361608615473
240,172.4242271667446
40,94.80210481545896
40,102.9132085153232
270,147.29444765285558
60,63.71491675326998
60,111.05886411705052
60,61.34915765721113
120,83.04736692601767
80,82.93096730635062
70,103.26553051360621
50,67.45300342076797
50,93.1380512109126
90,125.62165836065004
50,95.82531694473342
30,93.23204091374227
130,91.15637243979855
60,107.24557574368266
50,145.34568585048487
390,93.34063247186539
40,76.6473363627747
50,74.2301234177472
60,109.16544013199133
100,102.90288258659652
50,124.71789047438845
50,114.90328199998997
50,39.747273378521726
110,136.44206897320123
50,58.92598559229776
40,85.19357659666272
130,139.0802684747025
60,162.34309045791287
60,91.481956067781
40,40.19584647285
60,57.119451564809964
50,93.8957838042757
100,101.29581026347094
20,47.41898487874445
70,116.43398291447562
80,86.94813615517694
130,113.62307199222927
60,58.539400493442116
80,127.62773851407975
50,90.25969816118605
340,154.9798351546291
410,114.38260889907484
80,182.39662999050609
60,72.59420713309737
50,59.55829781978956
30,79.16481236611844
40,67.35210922885611
40,79.23232758620478
50,69.45768629193776
90,151.24852135173512
100,75.8537562267597
100,125.31708574035454
120,87.24616471788315
60,81.19783978954447
50,87.37652233044238
30,117.11099549583533
100,157.20102458362337
80,56.6310550443311
50,90.54621733621659
30,44.477175847643764
50,45.07310058475713
420,75.82177561830432
50,96.53839741860253
60,60.35769779159011
30,87.35001747085161
70,93.25990952784514
50,81.16450967256422
80,124.37877357118133
50,46.275661800622785
40,88.59083787661726
20,56.00922867554475
40,80.2602543422199
480,158.58573915527796
80,81.62592679389135
80,126.98025658354132
30,90.3449110245341
50,72.66983510538878
90,105.52301639289917
280,64.37919750166768
360,111.29893975788013
60,143.1864707584385
60,115.69506141403754
60,84.23184358510574
50,73.99229432857277
60,104.08620121793605
60,87.96530844137504
70,118.03340766529999
70,60.86218671059037
50,94.91801029970337
290,158.6954997492341
50,121.32841613497716
40,60.878803323049375
90,115.11169190387623
60,100.33810346209434
90,225.70089146889467
120,142.79152696837355
50,92.4882984855572
40,39.41456429985931
80,99.53799529390638
50,37.989655903271405
50,71.00913063831361
50,66.42086280866721
400,103.40563695287277
130,93.81377999503351
110,112.97756579857362
40,62.66662710478622
50,177.57217988862033
100,77.69118458592095
60,52.39316889846157
80,89.55951169125558
70,104.61818440781872
40,100.28537347763782
70,96.8909285859803
50,101.76034309555124
70,77.37980591034108
90,184.5637246214166
80,141.50808398576982
630,178.175028870842
170,179.62088669888865
60,78.6433819415787
100,237.1325327476464
30,88.68014136198248
40,45.388762439756306
440,96.3786102131909
80,124.59958757309984
60,153.94660133966795
320,219.06093115580657
50,63.72728618937917
20,64.01309795102289
340,102.31195871139478
90,104.66397755518352
60,47.07529977338572
140,118.78377209243229
60,47.71058828887461
50,66.79001507672993
20,72.88593773580668
60,148.01077482714652
90,144.33996408130673
80,125.00613623847302
40,89.7931565412684
60,110.23112329476493
60,65.69145599489889
70,87.92338817279513
50,93.01094513989689
80,113.25948750128101
100,111.59095974313205
60,111.02755877129312
70,58.20574685157951
50,99.8933673473432
